id,genre,ref_clean,heard_clean_orig,heard_clean_corrected,orig_wer,new_wer,was_corrected,reason,orig_nums,corr_nums
sports_48_first_12min_40.658_49.822,sports,اعزائي الشباب اهلا بيكم وحلقه جديده وحلم جديد من احلم معانا حنعيش النهارده في حلمنا مع مجموعه من الشباب متميز جدا في رياضه يمكن جديده علينا,اعزائي الشباب اهلا بيكم وحلقه جديده وحلم جديد من احلم معانا حنعيش النهارده في حلمنا مع مجموعه من الشباب متميز جدا فريضه يمكن جديده علينا,اعزائي الشباب اهلا بيكم وحلقه جديده وحلم جديد من احلام معانا حنعيش النهارده في حلمنا مع مجموعه من الشباب متميز جدا فريضه يمكن جديده علينا,0.07692307692307693,0.11538461538461539,True,accepted,[],[]
sports_48_first_12min_49.822_55.542,sports,لكن تميزت في الفتره الاخيره هي رياضه السباحه بالزعانف تابعونا النهارده في حلم جديد واحلم معانا,لكن تميزت في الفتره الاخيره هي رياضه استباحه بالزعانف تبعونا النهارده في حلم جديد واحلم معانا,لكن تميزت في الفتره الاخيره هي رياضه استباحه بالزعانف تبعونا النهارده في حلم جديد واحلم معانا,0.125,0.125,False,accepted,[],[]
sports_48_first_12min_59.607_65.984,sports,انواع كتيره من الغوص ورياضات كتيره مائيه حنتعرف عليها من خلال لقائنا النهارده مع فرح ومروان,انواع كتيره من الغوص ورياضات كتيره مائيه حنتعرف عليها من خلال لقائنا النهارده مع فرح ومروان,انواع كتير من الغوص ورياضات كتير مائيه حنتعرف عليها من خلال لقائنا النهارده مع فرح ومروان,0.0,0.125,True,accepted,[],[]
sports_48_first_12min_65.984_72.012,sports,ا هما مبدعين بقي في رياضتهم هي رياضه السباحه بالزعانف وهي تندرج تحت الغوص,هم مبدعين بقي في رياضتهم هي رياضه السباحه بالزعانف وهي تندرج تحت الغوص,هم مبدعين بقي في رياضتهم هي رياضه السباحه بالزعانف وهي تندرج تحت الغوص,0.14285714285714285,0.14285714285714285,True,accepted,[],[]
sports_48_first_12min_72.012_78.884,sports,حنتعرف عليهم اكتر ونشوف احلامهم وامانيهم من خلال برنامجنا احلم معانا ازيك يا فرح الحمد لله تمام ازيك يا مروان تمام الحمد لله,حنتعرف عليهم اكثر ونري احلامهم وامانيهم من خلال برنامجنا احلم معا كيفذا فرح الحمد لله تمام كيفذا مروان تمام الحمد لله,حنتعرف عليهم اكتر ونري احلامهم وامانيهم من خلال برنامجنا احلم معا كيف حالك فرح الحمد لله تمام كيف حالك مروان تمام الحمد لله,0.30434782608695654,0.2608695652173913,True,accepted,[],[]
sports_48_first_12min_83.606_90.531,sports,ا السباحه بالزعانف اللي هي المونو انا عارف ان انتم مونو و حنتعرف عليها اكتر بقي من خلال لقائنا,سبح بالزعانف اللي هي المونو انا عارف ان انتم مونو هنعترف عليها اكتر بقي من خلال لقائنا,سبح بالزعانف اللي هي المونو انا عارف انكم هتعرفوا عليها اكتر بقي من خلال لقائنا,0.21052631578947367,0.3684210526315789,True,accepted,[],[]
sports_48_first_12min_90.531_98.485,sports,ا قولي لي بداياتك معاها كانت جات ازاي وايه اللي خلاكي تختاري الرياضه دي بالذات ا هو انا كنت بلعب سباحه بدات سباحه عاديه من وانا عندي تلت سنين,قوليلي بداياتك معاها كانت جات ازاي وايه اللي خليك تختار الرياضه دي بالذات هو انا كنت بلعب سباحه بدات اسباحه عاديه من وانا عندي تلت سنين,قوليلي بداياتك معاها كانت جات ازاي وايه اللي خليك تختار الرياضه دي بالذات هو انا كنت بلعب سباحه بدات سباحه عاديه من وانا عندي تلات سنين,0.2413793103448276,0.2413793103448276,True,accepted,[3],[3]
sports_48_first_12min_98.485_106.123,sports,وبعد كده بقي ايه الموضوع تطور بعد كده بقيت اشتغل بدات سباحه بالزعانف في حوالي سن احداشر سنه,وبعد كده بقي الموضوع تطور بعد كده بقيت اشتغل بدات سباحه بالزعانف فحوالي سنه 11 سنه,وبعد كده بقي الموضوع تطور بعد كده بقيت اشتغل بدات سباحه بالزعانف فحوالي سنه 11 سنه,0.2777777777777778,0.2777777777777778,True,accepted,[11],[11]
comedy_09_first_12min_4.754_12.352,comedy,سلامات عليكم حكلمكو النهارده عن ال uncertainty,السلام عليكم اكلمكم النهارده عن ال uncertainty,السلام عليكم اكلمكم النهارده عن ال uncertainty,0.2857142857142857,0.2857142857142857,False,accepted,[],[]
comedy_09_first_12min_12.352_19.989,comedy,الاول في معضله لغويه كده عايز اخلص منها الاول ال uncertainty مختلف عن الشك يعني زي ما تقولوا كده,الاول فيه معدله لغوايه كده عايز اخلص منها لو لان سيرت انتي مختلف عن الشك يا زي ما تقوله كده,الاول فيه معدله لغويه كده عايز اخلص منها لو لان سيرتك مختلفه عن الشكل زي ما تقوله كده,0.47368421052631576,0.47368421052631576,True,accepted,[],[]
comedy_09_first_12min_19.989_28.455,comedy,لو حد بص علي ال الترجمه بتاعتها في القاموس حيلاقي عدم اليقين بس ده ترجمه مش دقيقه برضه هو يقين ناقص,لو حد بس علي الترجمه بتاعتك في قاموس حيلاقي عدم اليقين بس ده ترجمه مش دقيقه برضه هو يقين ناقص,لو حد بس علي الترجمه بتاعتك في قاموس حيلاقي عدم اليقين بس ده ترجمه مش دقيقه برضه هو يقين ناقص,0.19047619047619047,0.19047619047619047,False,accepted,[],[]
comedy_09_first_12min_28.455_37.159,comedy,واول ملحوظه عايزين نلاحظها علي الحكايه دي ان ما حدش بيبقي عارف اليقين ده ناقص قد ايه اليقين التاكد يعني الواحد يبقي متاكد ميه في الميه,واما الحوزه عايزين نلاحظها الحكايه دي ان محتاج بعارف اليقين ده ناقص قد ايه اليقين التاكد يعني واحد يبقي متاكد ميه في الميه,واما الحوزه عايزين نلاحظها الحكايه دي ان محتاج بعارف اليقين ده ناقص قد ايه اليقين التاكد يعني واحد يبقي متاكد ميه في الميه,0.3076923076923077,0.3076923076923077,False,accepted,"[1, 100]","[1, 100]"
comedy_09_first_12min_37.159_46.420,comedy,الناقص ممكن يبقي واحد ممكن يبقي عشره ممكن يبقي تلاتين سبعين تسعه وتسعين بيفضل برضه اسمه uncertainty,الناقص ممكن يبقي واحد ممكن يبقي عشره ممكن يبقي تلاتين سبعين تسعه وتسعين بيفضل برضو اسمه uncertainty,الناقص ممكن يبقي واحد ممكن يبقي عشره ممكن يبقي تلاتين سبعين تسعه وتسعين بيفضل برضو اسمه uncertainty,0.058823529411764705,0.058823529411764705,False,accepted,"[1, 10, 30, 70, 9, 90]","[1, 10, 30, 70, 9, 90]"
comedy_09_first_12min_46.420_53.657,comedy,كويس ده واحد الاسئله اللي في الدنيا عندها شغلتين اساسيتين,كويس دواح الاسئله في الدنيا عندها شغلتين اساسياتيه,كويس دواح الاسئله في الدنيا عندها شغلتين اساسيتين,0.4,0.3,True,accepted,[],[]
moviesDrama_68_first_12min_76.085_84.717,moviesDrama,الامر المؤكد اذا ان الخيال مهما انطلق بعيدا عن الواقع,الامر المؤكد اذا ان الخيال مهما انطلق بعيدا عن الواقع,الامر المؤكد هو ان الخيال مهما انطلق بعيدا عن الواقع,0.0,0.1,True,accepted,[],[]
moviesDrama_68_first_12min_84.717_91.758,moviesDrama,فهو لا يعدو كونه سلوكا وكل سلوك علي ضوء الحتميه السيكولوجيه,فهو لا يعد كونه سلوكا وكل سلوك علي ضوء الحتميه السيكولوجيه,فهو لا يعد كونه سلوكا وكل سلوك علي ضوء الحتميه السيكولوجيه,0.09090909090909091,0.09090909090909091,False,accepted,[],[]
moviesDrama_68_first_12min_91.758_99.586,moviesDrama,لابد وان يكون له دلاله ومعني يسبق ذلك في الاضطرابات الذهنيه,لابد وان يكون له دلاله ومعني يسبق ذلك في الاضطرابات الذهنيه,لابد وان يكون له دلاله ومعني يسبق ذلك في الاضطرابات الذهنيه,0.0,0.0,False,accepted,[],[]
moviesDrama_68_first_12min_99.586_107.511,moviesDrama,ك الشيزوفرانيا والبارا نويا والميلانكوليا كما يسبق ايضا علي الامراض العصبيه,كالشي زوفرانيا والبرانويا والميلانكوليا كما يسبق ايضا علي الامراض العصبيه,كالشي زوفرانيا والبرانويا والميلانكوليا كما يسبق ايضا علي الامراض العصبيه,0.36363636363636365,0.36363636363636365,False,accepted,[],[]
moviesDrama_68_first_12min_107.511_117.478,moviesDrama,استني وريني مش معقول كده يا هاني وريني في حاجه انا ايوه انت اقف,كانوا وريني اسمعوا كده يا حين وريني في حاجه انا ايوه انت واقف,كانوا وريني اسمعوا كده يا حنين وريني في حاجه انا ايوه انت واقف,0.35714285714285715,0.35714285714285715,True,accepted,[],[]
moviesDrama_68_first_12min_117.478_126.638,moviesDrama,عامل دوشه ليه من الصبح بنقل منها,عمل دوش الي من الصبح بانقل منه,عمل دوش الي من الصبح بانقل منه,0.7142857142857143,0.7142857142857143,False,accepted,[],[]
