id,genre,wer,latency_ms,status,ref_clean,heard_clean,ref_raw,heard_raw
sports_48_first_12min_40.658_49.822,sports,0.07692307692307693,4241,completed,اعزائي الشباب اهلا بيكم وحلقه جديده وحلم جديد من احلم معانا حنعيش النهارده في حلمنا مع مجموعه من الشباب متميز جدا في رياضه يمكن جديده علينا,اعزائي الشباب اهلا بيكم وحلقه جديده وحلم جديد من احلم معانا حنعيش النهارده في حلمنا مع مجموعه من الشباب متميز جدا فريضه يمكن جديده علينا,أعزائي الشباب أهلا بيكم وحلقة جديدة وحلم جديد من إحلم معانا حنعيش النهارده في حلمنا مع مجموعة من الشباب متميز جدا في رياضة يمكن جديدة علينا,أعزائي الشباب أهلا بيكم وحلقة جديدة وحلم جديد من احلم معانا حنعيش النهاردة في حلمنا مع مجموعة من الشباب متميز جدا فريضة يمكن جديدة علينا
sports_48_first_12min_49.822_55.542,sports,0.125,4206,completed,لكن تميزت في الفتره الاخيره هي رياضه السباحه بالزعانف تابعونا النهارده في حلم جديد واحلم معانا,لكن تميزت في الفتره الاخيره هي رياضه استباحه بالزعانف تبعونا النهارده في حلم جديد واحلم معانا,لكن تميزت في الفترة الأخيرة هي رياضة السباحة بالزعانف تابعونا النهارده في حلم جديد وإحلم معانا,لكن تميزت في الفترة الأخيرة هي رياضة استباحة بالزعانف تبعونا النهاردة في حلم جديد واحلم معانا
sports_48_first_12min_59.607_65.984,sports,0.0,4603,completed,انواع كتيره من الغوص ورياضات كتيره مائيه حنتعرف عليها من خلال لقائنا النهارده مع فرح ومروان,انواع كتيره من الغوص ورياضات كتيره مائيه حنتعرف عليها من خلال لقائنا النهارده مع فرح ومروان,أنواع كتيرة من الغوص ورياضات كتيرة مائية حنتعرف عليها من خلال لقائنا النهارده مع فرح ومروان,أنواع كتيره من الغوص ورياضات كتيره مائية حنتعرف عليها من خلال لقائنا النهاردة مع فرح ومروان
sports_48_first_12min_65.984_72.012,sports,0.14285714285714285,3050,completed,ا هما مبدعين بقي في رياضتهم هي رياضه السباحه بالزعانف وهي تندرج تحت الغوص,هم مبدعين بقي في رياضتهم هي رياضه السباحه بالزعانف وهي تندرج تحت الغوص,أ# هما مبدعين بقى في رياضتهم هي رياضة السباحة بالزعانف وهي تندرج تحت الغوص,هم مبدعين بقى في رياضتهم هي رياضة السباحة بالزعانف وهي تندرج تحت الغوص
sports_48_first_12min_72.012_78.884,sports,0.30434782608695654,3058,completed,حنتعرف عليهم اكتر ونشوف احلامهم وامانيهم من خلال برنامجنا احلم معانا ازيك يا فرح الحمد لله تمام ازيك يا مروان تمام الحمد لله,حنتعرف عليهم اكثر ونري احلامهم وامانيهم من خلال برنامجنا احلم معا كيف فرح الحمد لله تمام كيف مروان تمام الحمد لله,حنتعرف عليهم أكتر ونشوف أحلامهم وأمانيهم من خلال برنامجنا إحلم معانا إزيك يا فرح ... الحمد لله تمام ... إزيك يا مروان ... تمام الحمد لله,حنتعرف عليهم أكثر ونرى أحلامهم وأمانيهم من خلال برنامجنا أحلم معاً كيف فرح؟ الحمد لله تمام كيف مروان؟ تمام الحمد لله
sports_48_first_12min_83.606_90.531,sports,0.21052631578947367,3048,completed,ا السباحه بالزعانف اللي هي المونو انا عارف ان انتم مونو و حنتعرف عليها اكتر بقي من خلال لقائنا,سبحه بالزعانف اللي هي المونو انا عارف ان انتم مونو هنتعرف عليها اكتر بقي من خلال لقائنا,أ# السباحة بالزعانف اللي هي المونو أنا عارف إن إنتم مونو و# حنتعرف عليها أكتر بقى من خلال لقائنا,سبحة بالزعانف اللي هي المونو أنا عارف أن أنتم مونو هنتعرف عليها أكتر بقى من خلال لقائنا
sports_48_first_12min_90.531_98.485,sports,0.2413793103448276,2328,completed,ا قولي لي بداياتك معاها كانت جات ازاي وايه اللي خلاكي تختاري الرياضه دي بالذات ا هو انا كنت بلعب سباحه بدات سباحه عاديه من وانا عندي تلت سنين,قوليلي بداياتك معاها كانت جات ازاي وايه اللي خليك تختار الرياضه دي بالذات هو انا كنت بلعب سباحه بدات اسباحه عاديه من وانا عندي تلت سنين,أ# قولي لي بداياتك معاها كانت جات إزاي وإيه اللي خلاكي تختاري الرياضة دي بالذات ... أ# هو أنا كنت بلعب سباحة بدأت سباحة عادية من وأنا عندي تلت سنين,قوليلي بداياتك معاها كانت جات إزاي وإيه اللي خليك تختار الرياضة دي بالذات؟ هو أنا كنت بلعب سباحة بدأت إسباحة عادية من وانا عندي تلت سنين.
sports_48_first_12min_98.485_106.123,sports,0.2777777777777778,3182,completed,وبعد كده بقي ايه الموضوع تطور بعد كده بقيت اشتغل بدات سباحه بالزعانف في حوالي سن احداشر سنه,وبعد كده بقي الموضوع تطور بعد كده بقيت اشتغل بدات سباحه بالزعانف فحوالي سنه 11 سنه,وبعد كده بقى إيه الموضوع تطور بعد كده بقيت أشتغل بدأت سباحة بالزعانف في حوالي سن إحداشر سنة,وبعد كده بقى الموضوع تطور بعد كده بقيت اشتغل بدأت سباحه بالزعانف فحوالي سنة 11 سنة
comedy_09_first_12min_4.754_12.352,comedy,0.42857142857142855,2271,completed,سلامات عليكم حكلمكو النهارده عن ال uncertainty,السلام عليكم اكلمكم النهارده عن ال uncertain,سلامات عليكم حكلمكو النهارده عن ال (uncertainty),السلام عليكم. أكلمكم النهاردة عن ال uncertain.
comedy_09_first_12min_12.352_19.989,comedy,0.47368421052631576,3019,completed,الاول في معضله لغويه كده عايز اخلص منها الاول ال uncertainty مختلف عن الشك يعني زي ما تقولوا كده,الاول فيه معدله لغوايه كده عايز اخلص منها لو لان سيرت انتي مختلف عن الشك يا زي ما تقوله كده,الأول في معضلة لغوية كده عايز أخلص منها الأول ال (uncertainty) مختلف عن الشك يعني زي ما تقولوا كده,الأول فيه معدلة لغواية كده عايز أخلص منها لو لأن سيرت انتي مختلف عن الشك يا زي ما تقوله كده
comedy_09_first_12min_19.989_28.455,comedy,0.19047619047619047,3091,completed,لو حد بص علي ال الترجمه بتاعتها في القاموس حيلاقي عدم اليقين بس ده ترجمه مش دقيقه برضه هو يقين ناقص,لو حد بس علي الترجمه بتاعتك في قاموس حيلاقي عدم اليقين بس ده ترجمه مش دقيقه برضه هو يقين ناقص,لو حد بص على ال# الترجمة بتاعتها في القاموس حيلاقي عدم اليقين بس ده ترجمة مش دقيقة برضه هو يقين ناقص,لو حد بس على الترجمة بتاعتك في قاموس حيلاقي عدم اليقين بس ده ترجمة مش دقيقة برضه هو يقين ناقص
comedy_09_first_12min_28.455_37.159,comedy,0.3076923076923077,3168,completed,واول ملحوظه عايزين نلاحظها علي الحكايه دي ان ما حدش بيبقي عارف اليقين ده ناقص قد ايه اليقين التاكد يعني الواحد يبقي متاكد ميه في الميه,واما الحوزه عايزين نلاحظها الحكايه دي ان محتاج بعارف اليقين ده ناقص قد ايه اليقين التاكد يعني واحد يبقي متاكد ميه في الميه,وأول ملحوظة عايزين نلاحظها على الحكاية دي إن ما حدش بيبقى عارف اليقين ده ناقص قد إيه اليقين التأكد يعني الواحد يبقى متأكد مية في المية,وأما الحوزة عايزين نلاحظها الحكاية دي إن محتاج بعارف اليقين ده ناقص قد إيه اليقين التأكد يعني واحد يبقى متأكد مية في المية.
comedy_09_first_12min_37.159_46.420,comedy,0.058823529411764705,3400,completed,الناقص ممكن يبقي واحد ممكن يبقي عشره ممكن يبقي تلاتين سبعين تسعه وتسعين بيفضل برضه اسمه uncertainty,الناقص ممكن يبقي واحد ممكن يبقي عشره ممكن يبقي تلاتين سبعين تسعه وتسعين بيفضل برضو اسمه uncertainty,الناقص ممكن يبقى واحد ممكن يبقى عشرة ممكن يبقى تلاتين سبعين تسعة وتسعين بيفضل برضه إسمه (uncertainty),الناقص ممكن يبقى واحد ممكن يبقى عشرة ممكن يبقى تلاتين سبعين تسعة وتسعين بيفضل برضو اسمه uncertainty.
comedy_09_first_12min_46.420_53.657,comedy,0.4,2613,completed,كويس ده واحد الاسئله اللي في الدنيا عندها شغلتين اساسيتين,كويس دوح الاسئله في الدنيا عندها شغلتين اساسياتيه,كويس ده واحد الأسئلة اللي في الدنيا عندها شغلتين أساسيتين,كويس دوح الأسئلة في الدنيا عندها شغلتين أساسياتية
moviesDrama_68_first_12min_76.085_84.717,moviesDrama,0.0,3064,completed,الامر المؤكد اذا ان الخيال مهما انطلق بعيدا عن الواقع,الامر المؤكد اذا ان الخيال مهما انطلق بعيدا عن الواقع,الأمر المؤكد إذا أن الخيال مهما انطلق بعيدا عن الواقع,الامر المؤكد اذا ان الخيال مهما انطلق بعيدا عن الواقع
moviesDrama_68_first_12min_84.717_91.758,moviesDrama,0.09090909090909091,2361,completed,فهو لا يعدو كونه سلوكا وكل سلوك علي ضوء الحتميه السيكولوجيه,فهو لا يعد كونه سلوكا وكل سلوك علي ضوء الحتميه السيكولوجيه,فهو لا يعدو كونه سلوكا وكل سلوك على ضوء الحتمية السيكولوجية,فهو لا يعد كونه سلوكا وكل سلوك على ضوء الحتمية السيكولوجية
moviesDrama_68_first_12min_91.758_99.586,moviesDrama,0.0,2574,completed,لابد وان يكون له دلاله ومعني يسبق ذلك في الاضطرابات الذهنيه,لابد وان يكون له دلاله ومعني يسبق ذلك في الاضطرابات الذهنيه,لابد وأن يكون له دلالة ومعنى، يسبق ذلك في# الاضطرابات الذهنية,لابد وأن يكون له دلالة ومعنى يسبق ذلك في الاضطرابات الذهنية
moviesDrama_68_first_12min_99.586_107.511,moviesDrama,0.36363636363636365,4910,completed,ك الشيزوفرانيا والبارا نويا والميلانكوليا كما يسبق ايضا علي الامراض العصبيه,كالشي زوفرانيا والبرانويا والميلانكوليا كما يسبق ايضا علي الامراض العصبيه,ك الشيزوفرانيا والبارا نويا والميلانكوليا كما يسبق أيضا على الأمراض العصبية,كالشي زوفرانيا والبرانويا والميلانكوليا كما يسبق ايضا على الامراض العصبية
moviesDrama_68_first_12min_107.511_117.478,moviesDrama,0.35714285714285715,3153,completed,استني وريني مش معقول كده يا هاني وريني في حاجه انا ايوه انت اقف,كانوا وريني اسمعوا كده يا حين وريني في حاجه انا ايوه انت واقف,استني وريني ... مش معقول كده يا هاني ... وريني ... في حاجة؟ ... أنا؟ ... أيوه أنت أقف,كانوا وريني، اسمعوا كده يا حين. وريني في حاجة؟ أنا أيوة أنت واقف.
moviesDrama_68_first_12min_117.478_126.638,moviesDrama,0.7142857142857143,2358,completed,عامل دوشه ليه من الصبح بنقل منها,عمل دوش الي من الصبح بانقل منه,عامل دوشة ليه من الصبح؟ ... بنقل منها,عمل دوش إلي من الصبح. بانقل منه.
